{"cameraMode":{"drawMode":0,"name":"Shaded","section":"Shading Mode"},"sceneLighting":false,"audioPlay":false,"sceneViewState":{"m_AlwaysRefresh":false,"showFog":true,"showSkybox":false,"showFlares":true,"showImageEffects":true,"showParticleSystems":true,"showVisualEffectGraphs":true,"m_FxEnabled":true},"in2DMode":false,"pivot":{"x":-0.000004172325134277344,"y":0.1499987244606018,"z":-3.5762786865234377e-7},"rotation":{"x":0.41867849230766299,"y":-0.5696110129356384,"z":0.41742005944252016,"w":0.5713545083999634},"size":1.4150985479354859,"orthographic":false}