{"cameraMode":{"drawMode":0,"name":"Shaded","section":"Shading Mode"},"sceneLighting":false,"audioPlay":false,"sceneViewState":{"m_AlwaysRefresh":false,"showFog":true,"showSkybox":false,"showFlares":true,"showImageEffects":true,"showParticleSystems":true,"showVisualEffectGraphs":true,"m_FxEnabled":true},"in2DMode":false,"pivot":{"x":0.14872510731220246,"y":0.8636631369590759,"z":-0.6635676026344299},"rotation":{"x":-0.15159572660923005,"y":0.41223976016044619,"z":-0.06987998634576798,"w":-0.8957175612449646},"size":1.3228892087936402,"orthographic":false}