{"cameraMode":{"drawMode":0,"name":"Shaded","section":"Shading Mode"},"sceneLighting":true,"audioPlay":false,"sceneViewState":{"m_AlwaysRefresh":false,"showFog":true,"showSkybox":true,"showFlares":true,"showImageEffects":true,"showParticleSystems":true,"showVisualEffectGraphs":true,"m_FxEnabled":true},"in2DMode":false,"pivot":{"x":-0.9008541107177734,"y":186.40907287597657,"z":2.984163284301758},"rotation":{"x":-0.46012642979621889,"y":-0.15231429040431977,"z":0.08044886589050293,"w":-0.8710115551948547},"size":12.12435531616211,"orthographic":false}